{
  "bounds": {
    "center": [
      -0.01671485,
      0.10911365,
      -0.0016035000000000008
    ],
    "extent": [
      0.1552989,
      0.1513987,
      0.1201372
    ],
    "max": [
      0.0609346,
      0.184813,
      0.0584651
    ],
    "maxExtent": 0.1552989,
    "min": [
      -0.0943643,
      0.0334143,
      -0.0616721
    ]
  },
  "camera": {
    "coordinateSystem": "right-handed",
    "eye": [
      0,
      0.1,
      0.35
    ],
    "target": [
      0,
      0.1,
      0
    ],
    "up": [
      0,
      1,
      0
    ],
    "viewMatrixColumnMajor": [
      1,
      0,
      0,
      0,
      0,
      1,
      0,
      0,
      0,
      0,
      1,
      0,
      0,
      -0.1,
      -0.35,
      1
    ]
  },
  "version": "geordi-bunny-math-vectors/1"
}
