{
  "bounds": {
    "center": [
      -0.01671485,
      0.10911365,
      -0.0016035000000000008
    ],
    "extent": [
      0.1552989,
      0.1513987,
      0.1201372
    ],
    "max": [
      0.0609346,
      0.184813,
      0.0584651
    ],
    "maxExtent": 0.1552989,
    "min": [
      -0.0943643,
      0.0334143,
      -0.0616721
    ]
  },
  "camera": {
    "coordinateSystem": "right-handed",
    "eye": [
      0,
      0.1,
      0.35
    ],
    "target": [
      0,
      0.1,
      0
    ],
    "up": [
      0,
      1,
      0
    ],
    "viewMatrixColumnMajor": [
      1,
      0,
      0,
      0,
      0,
      1,
      0,
      0,
      0,
      0,
      1,
      0,
      0,
      -0.1,
      -0.35,
      1
    ]
  },
  "projection": {
    "aspectRatio": 1,
    "far": 10,
    "kind": "perspective",
    "matrixColumnMajor": [
      2.414213562373095,
      0,
      0,
      0,
      0,
      2.414213562373095,
      0,
      0,
      0,
      0,
      -1.002002002002002,
      -1,
      0,
      0,
      -0.02002002002002002,
      0
    ],
    "near": 0.01,
    "verticalFovRadians": 0.7853981633974483,
    "viewport": {
      "height": 512,
      "width": 512
    }
  },
  "version": "geordi-bunny-math-vectors/1"
}
